location,mean_value,sd_value
brazil,0.47934962,0.10365038
china,0.383591158,0.17033555
france,0.409,0.009
italy,0.341,0.001
russia,0.488,0.2535705
spain,0.4425,0.1145