location,mean_value,sd_value
brazil,0.423,0.188688673
china,0.318645398,0.184370506
france,0.505,0.115
italy,0.5256,0.2064
russia,0.391,0.282128517
spain,0.336697183,0.104302817