location,mean_value,sd_value
brazil,0.423,0.233364268
china,0.318645398,0.184370506
france,0.505,0.115
italy,0.3228,0.253433068
russia,0.391,0.282128517
spain,0.255848592,0.113967248