location,mean_value,sd_value
brazil,0.602220551,0.199927185
china,0.20775,0.091528343
france,0.515,0.035
italy,0.425,0.025
russia,0.28925,0.259039934
spain,0.505333333,0.023170863