location,mean_value,sd_value
brazil,0.474830827,0.106169173
china,0.225714286,0.083621109
france,0.515,0.035
italy,0.425,0.025
russia,0.28925,0.259039934
spain,0.505333333,0.023170863